Hordeum_vulgare_subsp._vulgare_cultivar_GoldenPromise=hordeum_vulgare_goldenpromise
Hordeum_vulgare_subsp._vulgare_reference_Morex_cultivar=hordeum_vulgare
Olea_europaea_var._sylvestris=olea_europaea_sylvestris
Physcomitrium_patens_strain_Gransden_2004=physcomitrella_patens
Malus_domestica_strain_Golden_Delicious=malus_domestica_golden
Cannabis_sativa=cannabis_sativa_female
Panicum_hallii_strain_FIL2=panicum_hallii_fil2
Panicum_hallii_var._hallii=panicum_hallii_hal2
Oryza_sativa_Indica_Group_strain_93-11=oryza_indica
Theobroma_cacao_strain_Matina_1-6=theobroma_cacao_matina
Theobroma_cacao_strain_Criollo_B97-61/B2=theobroma_cacao_criollo

